<?xml version="1.0" encoding="UTF-8" standalone="yes"?>
<addon id="repository.kal-el" name="Resorteland Repo" version="1.0.1" provider-name="Resorte XL">
	<extension point="xbmc.addon.repository" name="Resorteland official Repo">
		<info compressed="false">https://raw.github.com/Resortexl84/Resorteland/master/addons.xml</info>
		<checksum>https://raw.github.com/Resortexl84/Resorteland/master/addons.xml.md5</checksum>
		<datadir zip="true">https://raw.github.com/Resortexl84/Resorteland/master</datadir>
	</extension>
	<extension point="xbmc.addon.metadata">
		<summary>Resorteland official Repo</summary>
   		<description lang="en">Instala los Addons XL.</description>
		<disclaimer></disclaimer>
		<platform>all</platform>
	</extension>
</addon>